{"cameraMode":{"drawMode":0,"name":"Shaded","section":"Shading Mode"},"sceneLighting":true,"audioPlay":false,"sceneViewState":{"showFog":true,"showMaterialUpdate":false,"showSkybox":true,"showFlares":true,"showImageEffects":true,"showParticleSystems":true},"in2DMode":false,"pivot":{"x":-0.04899036884307861,"y":0.0491180419921875,"z":-4.218751430511475},"rotation":{"x":-0.37772953510284426,"y":-0.00950552523136139,"z":0.0036448363680392505,"w":-0.9259958863258362},"size":10.21780776977539,"orthographic":false}