{"cameraMode":{"drawMode":0,"name":"Shaded","section":"Shading Mode"},"sceneLighting":true,"audioPlay":false,"sceneViewState":{"showFog":true,"showMaterialUpdate":false,"showSkybox":true,"showFlares":true,"showImageEffects":true,"showParticleSystems":true},"in2DMode":false,"pivot":{"x":7.450580596923828e-9,"y":1.8000001907348633,"z":398.79833984375},"rotation":{"x":-0.28419503569602969,"y":0.6519134640693665,"z":-0.2890348732471466,"w":-0.6410372853279114},"size":4.704975128173828,"orthographic":false}