{"cameraMode":{"drawMode":0,"name":"Shaded","section":"Shading Mode"},"sceneLighting":true,"audioPlay":false,"sceneViewState":{"showFog":true,"showMaterialUpdate":false,"showSkybox":true,"showFlares":true,"showImageEffects":true,"showParticleSystems":true},"in2DMode":false,"pivot":{"x":0.02713291347026825,"y":-0.15999984741210938,"z":-11.257913589477539},"rotation":{"x":-0.28419503569602969,"y":0.6519134640693665,"z":-0.2890348732471466,"w":-0.6410372853279114},"size":2.435377359390259,"orthographic":false}