{"cameraMode":{"drawMode":0,"name":"Shaded","section":"Shading Mode"},"sceneLighting":false,"audioPlay":false,"sceneViewState":{"showFog":true,"showMaterialUpdate":false,"showSkybox":false,"showFlares":true,"showImageEffects":true,"showParticleSystems":true},"in2DMode":false,"pivot":{"x":-1.279017686843872,"y":1.1219186782836915,"z":2.417819023132324},"rotation":{"x":-0.28419503569602969,"y":0.6519134640693665,"z":-0.2890348732471466,"w":-0.6410372853279114},"size":2.131662368774414,"orthographic":false}