{"cameraMode":{"drawMode":0,"name":"Shaded","section":"Shading Mode"},"sceneLighting":false,"audioPlay":false,"sceneViewState":{"showFog":true,"showMaterialUpdate":false,"showSkybox":false,"showFlares":true,"showImageEffects":true,"showParticleSystems":true},"in2DMode":false,"pivot":{"x":18.239999771118165,"y":0.75,"z":-11.799999237060547},"rotation":{"x":-0.14825360476970673,"y":0.12455428391695023,"z":-0.018814872950315477,"w":-0.9809212684631348},"size":1.1084831953048707,"orthographic":false}