{"cameraMode":{"drawMode":0,"name":"Shaded","section":"Shading Mode"},"sceneLighting":false,"audioPlay":false,"sceneViewState":{"showFog":true,"showMaterialUpdate":false,"showSkybox":false,"showFlares":true,"showImageEffects":true,"showParticleSystems":true},"in2DMode":false,"pivot":{"x":-3.9207687377929689,"y":1.0,"z":5.784000396728516},"rotation":{"x":-0.2814638018608093,"y":-0.08593659102916718,"z":0.025303605943918229,"w":-0.9553894996643066},"size":7.141428470611572,"orthographic":false}