{"cameraMode":{"drawMode":0,"name":"Shaded","section":"Shading Mode"},"sceneLighting":false,"audioPlay":false,"sceneViewState":{"showFog":true,"showMaterialUpdate":false,"showSkybox":false,"showFlares":true,"showImageEffects":true,"showParticleSystems":true},"in2DMode":false,"pivot":{"x":4.880815505981445,"y":1.0,"z":0.855670690536499},"rotation":{"x":-0.12001698464155197,"y":-0.1551028937101364,"z":0.018984230235219003,"w":-0.9804031252861023},"size":0.9002293944358826,"orthographic":false}