{"cameraMode":{"drawMode":0,"name":"Shaded","section":"Shading Mode"},"sceneLighting":true,"audioPlay":false,"sceneViewState":{"showFog":true,"showMaterialUpdate":false,"showSkybox":true,"showFlares":true,"showImageEffects":true,"showParticleSystems":true},"in2DMode":false,"pivot":{"x":1.5033798217773438,"y":-18.734390258789064,"z":-1.7491931915283204},"rotation":{"x":-0.5572478175163269,"y":0.23916314542293549,"z":-0.1716417521238327,"w":-0.7764438986778259},"size":34.154842376708987,"orthographic":false}